,Image Name,Prediction
0,dog.10561.jpg,[1]
1,cat.6884.jpg,[1]
2,cat.11206.jpg,[1]
3,cat.11429.jpg,[1]
4,dog.7539.jpg,[0]
5,dog.7279.jpg,[0]
6,cat.1899.jpg,[1]
7,dog.8801.jpg,[0]
8,dog.6008.jpg,[0]
9,dog.2810.jpg,[0]
10,cat.3878.jpg,[1]
11,cat.664.jpg,[0]
12,dog.10193.jpg,[0]
13,cat.5972.jpg,[1]
14,dog.12116.jpg,[0]
15,cat.2490.jpg,[1]
16,dog.1224.jpg,[0]
17,cat.977.jpg,[1]
18,cat.11615.jpg,[1]
19,cat.11688.jpg,[1]
20,cat.128.jpg,[1]
21,dog.4818.jpg,[0]
22,dog.7153.jpg,[0]
23,cat.1134.jpg,[1]
24,cat.11839.jpg,[1]
25,dog.11435.jpg,[0]
26,cat.6410.jpg,[1]
27,dog.1070.jpg,[0]
28,dog.7136.jpg,[0]
29,cat.8979.jpg,[0]
30,dog.8967.jpg,[0]
31,dog.7839.jpg,[0]
32,dog.4952.jpg,[0]
33,dog.1164.jpg,[1]
34,dog.5983.jpg,[0]
35,dog.9161.jpg,[0]
36,dog.5859.jpg,[0]
37,cat.2942.jpg,[1]
38,dog.3764.jpg,[1]
39,dog.6623.jpg,[1]
40,cat.6713.jpg,[0]
41,cat.12294.jpg,[1]
42,cat.11278.jpg,[1]
43,cat.7254.jpg,[1]
44,cat.3617.jpg,[0]
45,cat.3212.jpg,[1]
46,cat.3966.jpg,[1]
47,dog.4488.jpg,[0]
48,dog.622.jpg,[0]
49,cat.12077.jpg,[1]
50,dog.4304.jpg,[0]
51,dog.9424.jpg,[1]
52,dog.2889.jpg,[0]
53,dog.5689.jpg,[0]
54,cat.4040.jpg,[1]
55,dog.6757.jpg,[0]
56,cat.5740.jpg,[1]
57,dog.800.jpg,[0]
58,dog.5335.jpg,[0]
59,cat.11118.jpg,[0]
60,dog.1891.jpg,[0]
61,cat.10800.jpg,[0]
62,dog.4996.jpg,[0]
63,dog.4137.jpg,[1]
64,dog.6824.jpg,[0]
65,dog.1591.jpg,[0]
66,cat.11722.jpg,[1]
67,dog.5075.jpg,[1]
68,dog.8078.jpg,[0]
69,cat.12452.jpg,[0]
70,cat.11956.jpg,[1]
71,cat.235.jpg,[0]
72,dog.1461.jpg,[0]
73,dog.2469.jpg,[1]
74,dog.7458.jpg,[1]
75,dog.8313.jpg,[0]
76,dog.5839.jpg,[0]
77,dog.8730.jpg,[0]
78,dog.6386.jpg,[0]
79,dog.8833.jpg,[0]
80,cat.11914.jpg,[1]
81,dog.162.jpg,[0]
82,dog.10507.jpg,[0]
83,dog.12057.jpg,[0]
84,dog.9478.jpg,[0]
85,dog.5638.jpg,[0]
86,cat.4000.jpg,[1]
87,dog.628.jpg,[1]
88,dog.3604.jpg,[0]
89,cat.10748.jpg,[1]
90,cat.10945.jpg,[1]
91,dog.4671.jpg,[1]
92,dog.8860.jpg,[0]
93,cat.9105.jpg,[1]
94,cat.9252.jpg,[1]
95,cat.2749.jpg,[1]
96,cat.8527.jpg,[1]
97,dog.12391.jpg,[0]
98,cat.8051.jpg,[1]
99,dog.11474.jpg,[1]
100,cat.1302.jpg,[1]
101,dog.11970.jpg,[0]
102,cat.3112.jpg,[1]
103,dog.5500.jpg,[0]
104,cat.12071.jpg,[1]
105,dog.4757.jpg,[0]
106,dog.8144.jpg,[0]
107,dog.2831.jpg,[0]
108,cat.3469.jpg,[0]
109,cat.11368.jpg,[1]
110,cat.9703.jpg,[1]
111,dog.827.jpg,[0]
112,dog.3569.jpg,[0]
113,dog.79.jpg,[0]
114,cat.11717.jpg,[1]
115,dog.8600.jpg,[0]
116,cat.3454.jpg,[1]
117,cat.8636.jpg,[1]
118,dog.3425.jpg,[0]
119,cat.2227.jpg,[1]
120,dog.2346.jpg,[1]
121,cat.7284.jpg,[1]
122,cat.3407.jpg,[1]
123,cat.5022.jpg,[1]
124,cat.7155.jpg,[1]
125,cat.9870.jpg,[1]
126,dog.857.jpg,[0]
127,cat.8928.jpg,[1]
128,dog.4767.jpg,[0]
129,cat.32.jpg,[1]
130,dog.6811.jpg,[0]
131,cat.4719.jpg,[1]
132,cat.1625.jpg,[1]
133,cat.9507.jpg,[1]
134,cat.3614.jpg,[1]
135,cat.10778.jpg,[1]
136,dog.8702.jpg,[1]
137,dog.12431.jpg,[0]
138,dog.10067.jpg,[0]
139,dog.2210.jpg,[0]
140,cat.181.jpg,[1]
141,dog.7299.jpg,[0]
142,dog.9256.jpg,[0]
143,dog.7317.jpg,[0]
144,cat.3616.jpg,[1]
145,cat.10632.jpg,[1]
146,cat.4025.jpg,[1]
147,dog.222.jpg,[0]
148,dog.6198.jpg,[0]
149,cat.6773.jpg,[1]
150,cat.12171.jpg,[1]
151,cat.4877.jpg,[1]
152,cat.5380.jpg,[1]
153,cat.5352.jpg,[1]
154,dog.6536.jpg,[0]
155,cat.5076.jpg,[1]
156,dog.3516.jpg,[0]
157,dog.8952.jpg,[1]
158,cat.1036.jpg,[1]
159,cat.11018.jpg,[1]
160,dog.3125.jpg,[1]
161,dog.8227.jpg,[0]
162,cat.8591.jpg,[1]
163,dog.1526.jpg,[0]
164,dog.7885.jpg,[1]
165,dog.2500.jpg,[1]
166,dog.1337.jpg,[0]
167,cat.3594.jpg,[1]
168,dog.7710.jpg,[0]
169,dog.4556.jpg,[0]
170,dog.8906.jpg,[0]
171,dog.6532.jpg,[0]
172,dog.518.jpg,[0]
173,dog.9373.jpg,[0]
174,dog.5929.jpg,[0]
175,dog.10188.jpg,[1]
176,dog.3574.jpg,[0]
177,dog.6706.jpg,[0]
178,cat.5876.jpg,[1]
179,dog.7995.jpg,[0]
180,dog.5862.jpg,[0]
181,cat.11031.jpg,[1]
182,dog.9949.jpg,[0]
183,dog.11785.jpg,[0]
184,dog.7028.jpg,[0]
185,cat.4348.jpg,[1]
186,dog.68.jpg,[0]
187,cat.4378.jpg,[1]
188,cat.2479.jpg,[1]
189,dog.4948.jpg,[0]
190,cat.4220.jpg,[1]
191,dog.10683.jpg,[0]
192,cat.11219.jpg,[1]
193,cat.11167.jpg,[1]
194,dog.947.jpg,[1]
195,cat.835.jpg,[1]
196,dog.10571.jpg,[0]
197,dog.2363.jpg,[1]
198,dog.3047.jpg,[0]
199,dog.1739.jpg,[0]
200,dog.11739.jpg,[0]
201,cat.1754.jpg,[1]
202,cat.3981.jpg,[1]
203,dog.5685.jpg,[0]
204,cat.4115.jpg,[1]
205,cat.11384.jpg,[1]
206,dog.3657.jpg,[0]
207,dog.854.jpg,[0]
208,cat.7426.jpg,[1]
209,cat.3903.jpg,[1]
210,cat.1922.jpg,[1]
211,cat.12304.jpg,[1]
212,cat.10890.jpg,[1]
213,cat.11070.jpg,[1]
214,cat.5562.jpg,[1]
215,cat.6477.jpg,[1]
216,cat.5730.jpg,[1]
217,cat.7915.jpg,[1]
218,dog.7850.jpg,[1]
219,dog.10213.jpg,[0]
220,dog.11291.jpg,[0]
221,cat.5362.jpg,[1]
222,cat.9190.jpg,[1]
223,cat.7940.jpg,[1]
224,cat.5399.jpg,[1]
225,dog.795.jpg,[0]
226,dog.3910.jpg,[0]
227,dog.7636.jpg,[0]
228,dog.5080.jpg,[1]
229,cat.7126.jpg,[1]
230,cat.7361.jpg,[1]
231,cat.6728.jpg,[0]
232,cat.2118.jpg,[1]
233,cat.11734.jpg,[1]
234,cat.9708.jpg,[1]
235,cat.5834.jpg,[1]
236,cat.7952.jpg,[1]
237,dog.7862.jpg,[0]
238,dog.5842.jpg,[0]
239,dog.11965.jpg,[0]
240,cat.11571.jpg,[1]
241,cat.4639.jpg,[0]
242,cat.5560.jpg,[1]
243,dog.4040.jpg,[0]
244,dog.11616.jpg,[0]
245,dog.2147.jpg,[0]
246,cat.8698.jpg,[1]
247,cat.1130.jpg,[1]
248,cat.3954.jpg,[1]
249,dog.461.jpg,[0]
250,cat.10765.jpg,[1]
251,dog.10616.jpg,[0]
252,cat.7994.jpg,[1]
253,cat.6363.jpg,[1]
254,dog.1904.jpg,[0]
255,cat.5340.jpg,[1]
256,cat.143.jpg,[1]
257,dog.760.jpg,[0]
258,dog.8592.jpg,[0]
259,dog.872.jpg,[0]
260,dog.8800.jpg,[0]
261,dog.12272.jpg,[0]
262,dog.9809.jpg,[1]
263,cat.827.jpg,[1]
264,dog.913.jpg,[0]
265,cat.7443.jpg,[1]
266,dog.1533.jpg,[0]
267,cat.8985.jpg,[1]
268,dog.6.jpg,[0]
269,dog.325.jpg,[0]
270,dog.8732.jpg,[0]
271,cat.9063.jpg,[1]
272,cat.10081.jpg,[1]
273,dog.6208.jpg,[0]
274,cat.12216.jpg,[1]
275,dog.8135.jpg,[0]
276,dog.8761.jpg,[1]
277,dog.2757.jpg,[0]
278,cat.2653.jpg,[1]
279,dog.2577.jpg,[0]
280,cat.5691.jpg,[1]
281,cat.4032.jpg,[1]
282,cat.3427.jpg,[1]
283,dog.4147.jpg,[0]
284,cat.3873.jpg,[1]
285,cat.10938.jpg,[1]
286,cat.11256.jpg,[1]
287,dog.1542.jpg,[0]
288,dog.5637.jpg,[0]
289,dog.6998.jpg,[0]
290,dog.8300.jpg,[1]
291,dog.10038.jpg,[0]
292,dog.8478.jpg,[1]
293,dog.7072.jpg,[0]
294,dog.11491.jpg,[1]
295,dog.9431.jpg,[1]
296,cat.3963.jpg,[1]
297,cat.2867.jpg,[1]
298,cat.8479.jpg,[1]
299,dog.6692.jpg,[0]
300,dog.10714.jpg,[0]
301,cat.6837.jpg,[1]
302,cat.285.jpg,[1]
303,cat.9195.jpg,[1]
304,cat.7513.jpg,[1]
305,dog.6851.jpg,[0]
306,dog.6385.jpg,[0]
307,dog.8758.jpg,[0]
308,cat.11847.jpg,[1]
309,dog.6217.jpg,[0]
310,dog.94.jpg,[0]
311,cat.11788.jpg,[1]
312,cat.11522.jpg,[1]
313,dog.314.jpg,[0]
314,cat.6993.jpg,[1]
315,cat.8013.jpg,[1]
316,cat.5459.jpg,[1]
317,cat.3862.jpg,[1]
318,cat.2795.jpg,[1]
319,cat.10547.jpg,[1]
320,cat.4204.jpg,[0]
321,cat.173.jpg,[1]
322,cat.2709.jpg,[1]
323,dog.2091.jpg,[0]
324,dog.8681.jpg,[0]
325,cat.6182.jpg,[1]
326,dog.11173.jpg,[0]
327,cat.11438.jpg,[1]
328,cat.3330.jpg,[1]
329,dog.6759.jpg,[0]
330,cat.5312.jpg,[1]
331,dog.8289.jpg,[0]
332,cat.1301.jpg,[1]
333,cat.9264.jpg,[0]
334,dog.5645.jpg,[0]
335,cat.1041.jpg,[1]
336,dog.1308.jpg,[0]
337,dog.8563.jpg,[0]
338,dog.12256.jpg,[0]
339,dog.2006.jpg,[0]
340,cat.7629.jpg,[1]
341,cat.641.jpg,[0]
342,dog.12440.jpg,[0]
343,dog.7985.jpg,[0]
344,cat.12349.jpg,[1]
345,cat.4590.jpg,[1]
346,dog.12326.jpg,[0]
347,cat.2948.jpg,[1]
348,cat.10895.jpg,[1]
349,dog.10423.jpg,[1]
350,dog.11062.jpg,[0]
351,cat.8891.jpg,[1]
352,cat.1923.jpg,[1]
353,dog.8700.jpg,[0]
354,cat.10978.jpg,[1]
355,cat.3381.jpg,[1]
356,cat.10303.jpg,[1]
357,dog.4013.jpg,[1]
358,dog.11704.jpg,[0]
359,cat.389.jpg,[1]
360,cat.5812.jpg,[1]
361,cat.6467.jpg,[1]
362,cat.777.jpg,[0]
363,dog.12381.jpg,[0]
364,cat.10616.jpg,[0]
365,cat.343.jpg,[1]
366,cat.4595.jpg,[0]
367,dog.12207.jpg,[0]
368,dog.303.jpg,[1]
369,cat.4858.jpg,[1]
370,cat.8032.jpg,[1]
371,dog.2563.jpg,[1]
372,dog.9163.jpg,[1]
373,cat.1072.jpg,[1]
374,dog.1766.jpg,[0]
375,cat.10532.jpg,[1]
376,cat.3587.jpg,[1]
377,dog.1092.jpg,[0]
378,cat.2058.jpg,[1]
379,dog.4842.jpg,[0]
380,dog.7456.jpg,[1]
381,cat.11696.jpg,[1]
382,dog.8415.jpg,[0]
383,dog.1072.jpg,[0]
384,cat.3337.jpg,[1]
385,dog.5768.jpg,[0]
386,dog.11072.jpg,[0]
387,dog.8623.jpg,[1]
388,cat.6513.jpg,[1]
389,dog.8535.jpg,[0]
390,cat.6278.jpg,[1]
391,cat.9320.jpg,[1]
392,cat.5713.jpg,[1]
393,dog.5753.jpg,[0]
394,cat.2356.jpg,[1]
395,dog.6600.jpg,[0]
396,cat.4338.jpg,[1]
397,dog.10491.jpg,[0]
398,cat.10822.jpg,[1]
399,dog.9020.jpg,[0]
400,dog.7149.jpg,[0]
401,cat.1453.jpg,[1]
402,cat.4488.jpg,[1]
403,cat.2611.jpg,[1]
404,dog.2413.jpg,[0]
405,dog.11358.jpg,[0]
406,dog.3799.jpg,[0]
407,cat.2086.jpg,[1]
408,dog.10001.jpg,[1]
409,cat.2693.jpg,[0]
410,cat.9549.jpg,[1]
411,dog.8186.jpg,[0]
412,dog.3060.jpg,[0]
413,dog.11478.jpg,[0]
414,dog.11656.jpg,[0]
415,cat.4360.jpg,[1]
416,cat.7766.jpg,[1]
417,cat.24.jpg,[0]
418,cat.3494.jpg,[1]
419,dog.10297.jpg,[1]
420,cat.4784.jpg,[1]
421,cat.11367.jpg,[1]
422,cat.5777.jpg,[0]
423,dog.941.jpg,[1]
424,cat.8839.jpg,[1]
425,dog.9580.jpg,[1]
426,cat.4161.jpg,[1]
427,cat.4620.jpg,[1]
428,dog.5679.jpg,[0]
429,dog.9595.jpg,[0]
430,cat.7980.jpg,[1]
431,dog.2642.jpg,[0]
432,dog.8664.jpg,[0]
433,dog.6051.jpg,[1]
434,dog.10751.jpg,[0]
435,dog.6817.jpg,[1]
436,dog.8818.jpg,[0]
437,dog.8183.jpg,[1]
438,dog.3133.jpg,[0]
439,cat.10552.jpg,[1]
440,cat.5175.jpg,[1]
441,cat.205.jpg,[1]
442,cat.4999.jpg,[1]
443,dog.11679.jpg,[0]
444,dog.3485.jpg,[1]
445,cat.9005.jpg,[1]
446,cat.10496.jpg,[1]
447,dog.10364.jpg,[0]
448,cat.1281.jpg,[1]
449,dog.4955.jpg,[0]
450,cat.8226.jpg,[1]
451,dog.5261.jpg,[1]
452,cat.7802.jpg,[1]
453,dog.6104.jpg,[0]
454,dog.5539.jpg,[0]
455,cat.4037.jpg,[1]
456,dog.1969.jpg,[0]
457,cat.8261.jpg,[1]
458,cat.10407.jpg,[1]
459,cat.6332.jpg,[1]
460,cat.11633.jpg,[1]
461,cat.9008.jpg,[1]
462,cat.10604.jpg,[1]
463,cat.3944.jpg,[1]
464,cat.1024.jpg,[1]
465,dog.9909.jpg,[0]
466,dog.11420.jpg,[0]
467,dog.4703.jpg,[0]
468,dog.8697.jpg,[0]
469,dog.11192.jpg,[0]
470,cat.8872.jpg,[1]
471,dog.8219.jpg,[0]
472,cat.9645.jpg,[1]
473,cat.2496.jpg,[1]
474,dog.2140.jpg,[0]
475,dog.3318.jpg,[0]
476,dog.8611.jpg,[1]
477,dog.88.jpg,[0]
478,cat.12472.jpg,[1]
479,dog.4164.jpg,[1]
480,cat.4201.jpg,[1]
481,dog.9932.jpg,[0]
482,cat.997.jpg,[1]
483,cat.7390.jpg,[1]
484,cat.5822.jpg,[1]
485,dog.4664.jpg,[1]
486,cat.6230.jpg,[1]
487,dog.12098.jpg,[0]
488,cat.8089.jpg,[1]
489,dog.12496.jpg,[0]
490,cat.8115.jpg,[1]
491,cat.3803.jpg,[1]
492,cat.8730.jpg,[1]
493,dog.9669.jpg,[0]
494,cat.2862.jpg,[1]
495,dog.6166.jpg,[0]
496,cat.10334.jpg,[0]
497,cat.11362.jpg,[1]
498,cat.1906.jpg,[0]
499,cat.2978.jpg,[1]
500,cat.12018.jpg,[0]
501,dog.11959.jpg,[0]
502,dog.6249.jpg,[1]
503,dog.8924.jpg,[0]
504,dog.1073.jpg,[0]
505,cat.9180.jpg,[1]
506,cat.1025.jpg,[1]
507,dog.2387.jpg,[0]
508,dog.975.jpg,[0]
509,cat.6611.jpg,[1]
510,cat.10783.jpg,[1]
511,cat.8953.jpg,[1]
512,cat.7756.jpg,[1]
513,cat.5759.jpg,[1]
514,cat.7479.jpg,[1]
515,dog.9789.jpg,[0]
516,dog.2682.jpg,[1]
517,cat.9143.jpg,[1]
518,dog.10084.jpg,[0]
519,cat.5008.jpg,[1]
520,dog.8922.jpg,[0]
521,dog.10912.jpg,[1]
522,dog.10217.jpg,[0]
523,cat.908.jpg,[1]
524,dog.8174.jpg,[1]
525,cat.8545.jpg,[1]
526,cat.5668.jpg,[1]
527,dog.6972.jpg,[0]
528,cat.8271.jpg,[1]
529,cat.7441.jpg,[0]
530,dog.429.jpg,[0]
531,dog.6524.jpg,[0]
532,cat.10459.jpg,[1]
533,dog.10410.jpg,[0]
534,dog.8341.jpg,[0]
535,cat.11391.jpg,[1]
536,cat.3646.jpg,[1]
537,dog.885.jpg,[1]
538,cat.9046.jpg,[1]
539,cat.6940.jpg,[1]
540,cat.2240.jpg,[1]
541,cat.3128.jpg,[1]
542,dog.7588.jpg,[0]
543,cat.1908.jpg,[1]
544,cat.1516.jpg,[1]
545,dog.1792.jpg,[0]
546,dog.4352.jpg,[0]
547,dog.4375.jpg,[0]
548,cat.4363.jpg,[1]
549,dog.741.jpg,[0]
550,dog.3755.jpg,[1]
551,cat.1124.jpg,[1]
552,dog.9608.jpg,[1]
553,cat.6131.jpg,[1]
554,cat.9301.jpg,[0]
555,cat.7648.jpg,[1]
556,cat.900.jpg,[1]
557,cat.8911.jpg,[1]
558,cat.5721.jpg,[1]
559,dog.9520.jpg,[0]
560,cat.6707.jpg,[1]
561,dog.412.jpg,[1]
562,cat.4513.jpg,[1]
563,cat.8452.jpg,[1]
564,cat.3827.jpg,[1]
565,dog.8148.jpg,[1]
566,dog.177.jpg,[0]
567,cat.8054.jpg,[1]
568,dog.3539.jpg,[0]
569,cat.2407.jpg,[1]
570,dog.1313.jpg,[0]
571,dog.2821.jpg,[0]
572,cat.1010.jpg,[1]
573,cat.8360.jpg,[0]
574,cat.3471.jpg,[1]
575,dog.10339.jpg,[0]
576,cat.1824.jpg,[1]
577,dog.1674.jpg,[1]
578,dog.6038.jpg,[0]
579,cat.1517.jpg,[1]
580,dog.2420.jpg,[0]
581,dog.1490.jpg,[0]
582,dog.10270.jpg,[0]
583,dog.8889.jpg,[0]
584,cat.7418.jpg,[1]
585,dog.1311.jpg,[1]
586,cat.8778.jpg,[1]
587,cat.210.jpg,[1]
588,cat.12441.jpg,[1]
589,dog.1599.jpg,[0]
590,dog.9727.jpg,[1]
591,dog.3788.jpg,[0]
592,cat.710.jpg,[1]
593,dog.6271.jpg,[0]
594,cat.5374.jpg,[1]
595,cat.4887.jpg,[1]
596,dog.3463.jpg,[0]
597,cat.9613.jpg,[0]
598,cat.5382.jpg,[1]
599,dog.10824.jpg,[0]
600,dog.12172.jpg,[1]
601,dog.11631.jpg,[1]
602,cat.8166.jpg,[1]
603,cat.397.jpg,[1]
604,dog.7846.jpg,[0]
605,cat.10509.jpg,[1]
606,dog.5290.jpg,[0]
607,cat.8935.jpg,[1]
608,cat.6722.jpg,[1]
609,dog.1118.jpg,[0]
610,dog.11886.jpg,[0]
611,dog.10397.jpg,[0]
612,cat.9466.jpg,[1]
613,dog.11310.jpg,[0]
614,dog.2188.jpg,[0]
615,cat.8453.jpg,[1]
616,dog.4605.jpg,[0]
617,cat.8505.jpg,[1]
618,dog.5090.jpg,[0]
619,cat.3569.jpg,[1]
620,dog.241.jpg,[0]
621,dog.225.jpg,[1]
622,cat.9261.jpg,[1]
623,cat.12467.jpg,[1]
624,dog.6876.jpg,[0]
625,cat.9651.jpg,[1]
626,dog.6326.jpg,[1]
627,dog.3472.jpg,[0]
628,cat.5284.jpg,[1]
629,dog.4255.jpg,[1]
630,cat.7848.jpg,[1]
631,cat.10549.jpg,[1]
632,cat.7741.jpg,[1]
633,cat.11619.jpg,[1]
634,dog.4923.jpg,[0]
635,dog.4497.jpg,[0]
636,dog.3771.jpg,[0]
637,cat.5441.jpg,[1]
638,dog.1235.jpg,[1]
639,cat.1473.jpg,[0]
640,dog.10788.jpg,[0]
641,cat.9543.jpg,[1]
642,cat.7539.jpg,[1]
643,dog.2695.jpg,[1]
644,cat.12495.jpg,[1]
645,dog.5895.jpg,[0]
646,dog.6448.jpg,[0]
647,cat.2724.jpg,[1]
648,cat.4845.jpg,[0]
649,dog.9523.jpg,[0]
650,cat.1708.jpg,[1]
651,dog.12415.jpg,[0]
652,dog.1062.jpg,[1]
653,dog.2986.jpg,[1]
654,dog.8917.jpg,[0]
655,cat.6060.jpg,[0]
656,cat.6274.jpg,[1]
657,dog.115.jpg,[0]
658,dog.8960.jpg,[0]
659,dog.12078.jpg,[1]
660,dog.11628.jpg,[0]
661,cat.632.jpg,[1]
662,dog.5149.jpg,[0]
663,cat.5872.jpg,[1]
664,cat.1614.jpg,[1]
665,dog.5593.jpg,[0]
666,dog.2392.jpg,[0]
667,dog.11890.jpg,[0]
668,dog.6781.jpg,[0]
669,dog.8505.jpg,[1]
670,dog.4136.jpg,[0]
671,dog.113.jpg,[0]
672,dog.540.jpg,[0]
673,cat.7078.jpg,[1]
674,cat.3800.jpg,[1]
675,dog.4500.jpg,[1]
676,cat.757.jpg,[0]
677,dog.9049.jpg,[0]
678,cat.1102.jpg,[1]
679,dog.2734.jpg,[1]
680,cat.931.jpg,[1]
681,dog.11747.jpg,[0]
682,dog.2599.jpg,[1]
683,dog.12470.jpg,[0]
684,cat.4888.jpg,[1]
685,cat.2503.jpg,[0]
686,cat.12489.jpg,[1]
687,cat.11397.jpg,[1]
688,cat.4811.jpg,[1]
689,dog.6700.jpg,[0]
690,dog.8104.jpg,[0]
691,cat.4716.jpg,[1]
692,dog.356.jpg,[0]
693,dog.1416.jpg,[0]
694,cat.529.jpg,[1]
695,cat.3912.jpg,[1]
696,cat.1554.jpg,[1]
697,cat.2980.jpg,[1]
698,dog.1220.jpg,[0]
699,dog.10147.jpg,[0]
700,cat.1696.jpg,[1]
701,dog.10311.jpg,[0]
702,cat.8858.jpg,[0]
703,cat.2589.jpg,[1]
704,cat.3548.jpg,[1]
705,cat.6518.jpg,[1]
706,cat.4636.jpg,[1]
707,dog.7602.jpg,[1]
708,dog.1676.jpg,[0]
709,dog.1709.jpg,[0]
710,dog.9973.jpg,[1]
711,cat.7100.jpg,[1]
712,cat.528.jpg,[1]
713,cat.2729.jpg,[1]
714,dog.4544.jpg,[0]
715,dog.10577.jpg,[0]
716,cat.5439.jpg,[1]
717,dog.11377.jpg,[0]
718,cat.1600.jpg,[1]
719,cat.5412.jpg,[1]
720,dog.8812.jpg,[0]
721,dog.619.jpg,[1]
722,cat.10736.jpg,[1]
723,dog.11690.jpg,[0]
724,dog.4170.jpg,[0]
725,dog.1226.jpg,[1]
726,cat.6340.jpg,[0]
727,cat.4585.jpg,[1]
728,dog.3941.jpg,[0]
729,cat.1986.jpg,[1]
730,cat.1563.jpg,[1]
731,dog.3571.jpg,[0]
732,cat.10470.jpg,[1]
733,dog.7391.jpg,[0]
734,cat.9793.jpg,[1]
735,dog.2266.jpg,[0]
736,cat.5868.jpg,[1]
737,cat.9045.jpg,[1]
738,dog.469.jpg,[1]
739,cat.2114.jpg,[1]
740,dog.8841.jpg,[0]
741,dog.2718.jpg,[0]
742,dog.74.jpg,[1]
743,cat.9994.jpg,[1]
744,dog.10033.jpg,[1]
745,dog.2899.jpg,[0]
746,dog.2151.jpg,[0]
747,dog.12173.jpg,[0]
748,dog.4889.jpg,[1]
749,cat.1404.jpg,[1]
750,cat.11905.jpg,[1]
751,cat.11370.jpg,[1]
752,dog.3218.jpg,[0]
753,dog.11675.jpg,[0]
754,cat.3395.jpg,[1]
755,dog.4832.jpg,[0]
756,cat.10745.jpg,[1]
757,cat.2410.jpg,[0]
758,cat.5241.jpg,[1]
759,dog.8436.jpg,[0]
760,cat.5531.jpg,[1]
761,cat.5170.jpg,[0]
762,dog.193.jpg,[0]
763,dog.7329.jpg,[0]
764,cat.12050.jpg,[1]
765,dog.9428.jpg,[0]
766,cat.7734.jpg,[1]
767,cat.10378.jpg,[1]
768,cat.7209.jpg,[1]
769,dog.587.jpg,[0]
770,dog.11819.jpg,[1]
771,cat.6774.jpg,[1]
772,dog.2661.jpg,[1]
773,cat.6727.jpg,[1]
774,cat.2901.jpg,[1]
775,cat.8773.jpg,[1]
776,dog.6950.jpg,[0]
777,dog.2215.jpg,[0]
778,dog.8649.jpg,[0]
779,cat.4380.jpg,[1]
780,dog.4315.jpg,[0]
781,cat.552.jpg,[1]
782,cat.11962.jpg,[1]
783,cat.1872.jpg,[1]
784,dog.7333.jpg,[1]
785,cat.3077.jpg,[1]
786,dog.7030.jpg,[0]
787,dog.6029.jpg,[0]
788,cat.1263.jpg,[1]
789,dog.9736.jpg,[0]
790,dog.4704.jpg,[0]
791,cat.9429.jpg,[1]
792,dog.11992.jpg,[0]
793,cat.4508.jpg,[1]
794,cat.9010.jpg,[1]
795,dog.12050.jpg,[0]
796,dog.11559.jpg,[0]
797,cat.5526.jpg,[0]
798,cat.7838.jpg,[1]
799,dog.10014.jpg,[0]
800,dog.4604.jpg,[0]
801,cat.4116.jpg,[1]
802,dog.11067.jpg,[0]
803,cat.4558.jpg,[1]
804,dog.1554.jpg,[1]
805,dog.4788.jpg,[0]
806,dog.11487.jpg,[0]
807,dog.5055.jpg,[0]
808,cat.9541.jpg,[1]
809,cat.9505.jpg,[1]
810,cat.7010.jpg,[1]
811,cat.6064.jpg,[1]
812,cat.7698.jpg,[1]
813,dog.7491.jpg,[0]
814,dog.11964.jpg,[0]
815,dog.377.jpg,[0]
816,cat.1927.jpg,[1]
817,dog.9532.jpg,[0]
818,dog.4758.jpg,[1]
819,dog.4913.jpg,[1]
820,dog.4790.jpg,[0]
821,cat.6720.jpg,[1]
822,cat.11783.jpg,[0]
823,cat.10084.jpg,[1]
824,cat.11310.jpg,[1]
825,dog.1424.jpg,[0]
826,dog.4491.jpg,[1]
827,cat.9773.jpg,[1]
828,cat.9747.jpg,[1]
829,cat.4133.jpg,[1]
830,cat.2237.jpg,[1]
831,dog.4558.jpg,[0]
832,cat.4112.jpg,[1]
833,cat.5252.jpg,[1]
834,cat.3942.jpg,[1]
835,dog.286.jpg,[0]
836,cat.11560.jpg,[0]
837,cat.1448.jpg,[1]
838,cat.4325.jpg,[1]
839,dog.581.jpg,[0]
840,cat.5212.jpg,[1]
841,cat.4134.jpg,[1]
842,cat.1095.jpg,[1]
843,dog.11003.jpg,[0]
844,cat.11732.jpg,[1]
845,cat.3667.jpg,[1]
846,cat.5706.jpg,[1]
847,cat.910.jpg,[1]
848,cat.6792.jpg,[1]
849,dog.9160.jpg,[0]
850,cat.1695.jpg,[1]
851,cat.6286.jpg,[1]
852,dog.1692.jpg,[0]
853,cat.989.jpg,[1]
854,dog.6928.jpg,[1]
855,dog.1268.jpg,[0]
856,cat.4886.jpg,[1]
857,dog.3411.jpg,[0]
858,dog.3226.jpg,[0]
859,cat.1324.jpg,[1]
860,dog.2985.jpg,[1]
861,dog.9771.jpg,[0]
862,dog.1801.jpg,[0]
863,cat.11618.jpg,[1]
864,dog.12084.jpg,[0]
865,dog.6005.jpg,[0]
866,cat.11698.jpg,[1]
867,cat.49.jpg,[1]
868,dog.7712.jpg,[1]
869,dog.6278.jpg,[0]
870,cat.3004.jpg,[1]
871,cat.1113.jpg,[0]
872,dog.3851.jpg,[0]
873,cat.4648.jpg,[1]
874,cat.6829.jpg,[1]
875,dog.9456.jpg,[0]
876,dog.12156.jpg,[0]
877,dog.7226.jpg,[0]
878,dog.12151.jpg,[1]
879,dog.7240.jpg,[1]
880,cat.12188.jpg,[1]
881,cat.2755.jpg,[1]
882,dog.5707.jpg,[0]
883,dog.3973.jpg,[0]
884,cat.2348.jpg,[1]
885,cat.1679.jpg,[1]
886,cat.8896.jpg,[1]
887,cat.5071.jpg,[0]
888,dog.9068.jpg,[1]
889,cat.6511.jpg,[1]
890,dog.3681.jpg,[0]
891,cat.624.jpg,[1]
892,dog.4064.jpg,[0]
893,cat.10427.jpg,[1]
894,cat.3865.jpg,[1]
895,dog.11242.jpg,[0]
896,dog.1711.jpg,[0]
897,cat.9906.jpg,[1]
898,cat.8254.jpg,[1]
899,dog.4060.jpg,[1]
900,dog.3324.jpg,[0]
901,dog.10327.jpg,[0]
902,dog.3268.jpg,[0]
903,cat.10147.jpg,[1]
904,dog.7229.jpg,[0]
905,cat.7969.jpg,[1]
906,cat.12003.jpg,[1]
907,cat.7297.jpg,[1]
908,dog.9131.jpg,[0]
909,dog.7621.jpg,[1]
910,cat.2274.jpg,[1]
911,cat.1931.jpg,[0]
912,cat.8806.jpg,[1]
913,dog.6598.jpg,[0]
914,dog.12163.jpg,[0]
915,cat.11279.jpg,[1]
916,dog.12318.jpg,[1]
917,dog.2015.jpg,[0]
918,dog.3630.jpg,[0]
919,dog.6363.jpg,[0]
920,cat.11558.jpg,[1]
921,dog.2249.jpg,[0]
922,cat.2752.jpg,[1]
923,dog.8576.jpg,[0]
924,dog.9331.jpg,[0]
925,cat.12129.jpg,[1]
926,dog.6378.jpg,[0]
927,dog.2355.jpg,[0]
928,dog.11754.jpg,[1]
929,dog.891.jpg,[0]
930,dog.9358.jpg,[0]
931,dog.10462.jpg,[0]
932,cat.11332.jpg,[1]
933,cat.9509.jpg,[1]
934,dog.7658.jpg,[0]
935,dog.4916.jpg,[0]
936,cat.3294.jpg,[0]
937,cat.4836.jpg,[1]
938,dog.10865.jpg,[0]
939,dog.6097.jpg,[0]
940,dog.2725.jpg,[0]
941,dog.7933.jpg,[0]
942,cat.616.jpg,[1]
943,dog.473.jpg,[1]
944,cat.11420.jpg,[0]
945,cat.5329.jpg,[1]
946,dog.9652.jpg,[0]
947,dog.8540.jpg,[0]
948,cat.4792.jpg,[1]
949,cat.6976.jpg,[1]
950,cat.6658.jpg,[1]
951,cat.25.jpg,[1]
952,cat.5378.jpg,[1]
953,dog.5936.jpg,[1]
954,cat.11976.jpg,[1]
955,cat.425.jpg,[1]
956,dog.4071.jpg,[0]
957,cat.4611.jpg,[1]
958,dog.7716.jpg,[1]
959,cat.8518.jpg,[1]
960,cat.6218.jpg,[0]
961,cat.682.jpg,[1]
962,dog.4718.jpg,[0]
963,dog.774.jpg,[0]
964,cat.2579.jpg,[0]
965,cat.6043.jpg,[1]
966,dog.6840.jpg,[0]
967,cat.1331.jpg,[1]
968,cat.7480.jpg,[1]
969,cat.10994.jpg,[1]
970,cat.8716.jpg,[1]
971,cat.2197.jpg,[1]
972,cat.3383.jpg,[1]
973,dog.12103.jpg,[0]
974,cat.10717.jpg,[1]
975,cat.5234.jpg,[1]
976,dog.410.jpg,[1]
977,dog.10579.jpg,[1]
978,cat.2263.jpg,[1]
979,dog.5394.jpg,[0]
980,cat.11334.jpg,[1]
981,dog.7123.jpg,[0]
982,dog.3821.jpg,[0]
983,dog.737.jpg,[1]
984,cat.1282.jpg,[1]
985,dog.1267.jpg,[0]
986,dog.12091.jpg,[0]
987,cat.6724.jpg,[1]
988,cat.6738.jpg,[1]
989,cat.7552.jpg,[1]
990,dog.11775.jpg,[0]
991,dog.9229.jpg,[0]
992,cat.1334.jpg,[1]
993,cat.9112.jpg,[1]
994,dog.4082.jpg,[0]
995,cat.11728.jpg,[1]
996,cat.7964.jpg,[1]
997,cat.5458.jpg,[1]
998,cat.408.jpg,[1]
999,dog.9939.jpg,[1]
1000,cat.7494.jpg,[1]
1001,dog.12154.jpg,[1]
1002,cat.11262.jpg,[1]
1003,dog.3149.jpg,[0]
1004,cat.7687.jpg,[1]
1005,dog.1156.jpg,[1]
1006,dog.60.jpg,[1]
1007,dog.11538.jpg,[0]
1008,dog.3868.jpg,[0]
1009,dog.5121.jpg,[0]
1010,cat.2858.jpg,[1]
1011,dog.4000.jpg,[1]
1012,dog.6593.jpg,[0]
1013,dog.6297.jpg,[0]
1014,cat.7273.jpg,[0]
1015,dog.7936.jpg,[0]
1016,dog.4504.jpg,[0]
1017,dog.150.jpg,[0]
1018,dog.9565.jpg,[0]
1019,cat.7094.jpg,[1]
1020,cat.4241.jpg,[1]
1021,cat.3754.jpg,[1]
1022,dog.7963.jpg,[0]
1023,dog.4963.jpg,[0]
1024,dog.9036.jpg,[0]
1025,dog.5054.jpg,[0]
1026,cat.9116.jpg,[1]
1027,cat.10617.jpg,[1]
1028,dog.10289.jpg,[0]
1029,cat.10473.jpg,[1]
1030,cat.4381.jpg,[1]
1031,dog.7551.jpg,[0]
1032,dog.6439.jpg,[1]
1033,dog.11572.jpg,[0]
1034,dog.9349.jpg,[1]
1035,dog.6640.jpg,[0]
1036,cat.11865.jpg,[1]
1037,cat.9256.jpg,[1]
1038,cat.5363.jpg,[1]
1039,dog.3914.jpg,[1]
1040,dog.10761.jpg,[0]
1041,cat.8101.jpg,[1]
1042,dog.5371.jpg,[0]
1043,dog.167.jpg,[0]
1044,cat.11974.jpg,[1]
1045,cat.6307.jpg,[1]
1046,cat.12339.jpg,[1]
1047,cat.10101.jpg,[0]
1048,dog.6080.jpg,[0]
1049,cat.2089.jpg,[1]
1050,dog.5306.jpg,[0]
1051,cat.9277.jpg,[1]
1052,dog.10711.jpg,[0]
1053,cat.561.jpg,[1]
1054,cat.3938.jpg,[1]
1055,cat.4255.jpg,[1]
1056,cat.3525.jpg,[1]
1057,dog.3629.jpg,[0]
1058,cat.1827.jpg,[1]
1059,cat.8129.jpg,[0]
1060,cat.10531.jpg,[1]
1061,cat.7072.jpg,[0]
1062,dog.10924.jpg,[0]
1063,dog.6615.jpg,[0]
1064,cat.11999.jpg,[1]
1065,dog.7472.jpg,[0]
1066,dog.8327.jpg,[0]
1067,cat.5729.jpg,[1]
1068,dog.4991.jpg,[0]
1069,cat.10503.jpg,[1]
1070,cat.10752.jpg,[1]
1071,dog.8536.jpg,[1]
1072,cat.6199.jpg,[1]
1073,cat.9526.jpg,[1]
1074,dog.10420.jpg,[0]
1075,dog.7742.jpg,[0]
1076,cat.705.jpg,[1]
1077,cat.10864.jpg,[1]
1078,cat.7175.jpg,[1]
1079,dog.5733.jpg,[0]
1080,cat.9325.jpg,[1]
1081,dog.758.jpg,[0]
1082,cat.2636.jpg,[1]
1083,cat.9823.jpg,[1]
1084,dog.1023.jpg,[0]
1085,dog.482.jpg,[0]
1086,cat.3815.jpg,[1]
1087,cat.4647.jpg,[1]
1088,cat.10869.jpg,[1]
1089,dog.8323.jpg,[1]
1090,dog.9102.jpg,[0]
1091,cat.2057.jpg,[1]
1092,dog.2758.jpg,[0]
1093,dog.4561.jpg,[0]
1094,cat.6343.jpg,[1]
1095,dog.6657.jpg,[0]
1096,dog.10170.jpg,[1]
1097,dog.9998.jpg,[0]
1098,cat.752.jpg,[1]
1099,cat.1596.jpg,[0]
1100,dog.366.jpg,[0]
1101,dog.2746.jpg,[0]
1102,cat.9371.jpg,[1]
1103,dog.10658.jpg,[0]
1104,dog.10911.jpg,[0]
1105,dog.2683.jpg,[0]
1106,dog.871.jpg,[0]
1107,cat.58.jpg,[1]
1108,dog.705.jpg,[0]
1109,dog.12069.jpg,[0]
1110,dog.135.jpg,[0]
1111,dog.9017.jpg,[0]
1112,dog.3447.jpg,[1]
1113,dog.9583.jpg,[0]
1114,cat.6536.jpg,[1]
1115,dog.7759.jpg,[0]
1116,cat.4269.jpg,[1]
1117,cat.6106.jpg,[1]
1118,cat.4944.jpg,[1]
1119,cat.2455.jpg,[1]
1120,dog.5741.jpg,[0]
1121,cat.8180.jpg,[1]
1122,cat.12210.jpg,[1]
1123,cat.2639.jpg,[0]
1124,dog.4615.jpg,[1]
1125,dog.6387.jpg,[1]
1126,dog.3190.jpg,[1]
1127,dog.8051.jpg,[0]
1128,cat.6577.jpg,[1]
1129,dog.7565.jpg,[0]
1130,dog.8181.jpg,[0]
1131,dog.2510.jpg,[0]
1132,dog.9127.jpg,[0]
1133,cat.1659.jpg,[1]
1134,dog.10915.jpg,[0]
1135,dog.2713.jpg,[0]
1136,dog.8236.jpg,[0]
1137,dog.9388.jpg,[0]
1138,cat.2000.jpg,[1]
1139,cat.1898.jpg,[1]
1140,dog.2927.jpg,[0]
1141,cat.2698.jpg,[1]
1142,cat.2776.jpg,[1]
1143,dog.8579.jpg,[0]
1144,cat.7430.jpg,[1]
1145,cat.9631.jpg,[1]
1146,dog.4336.jpg,[0]
1147,dog.11038.jpg,[0]
1148,dog.3341.jpg,[1]
1149,cat.9836.jpg,[1]
1150,dog.8109.jpg,[0]
1151,dog.4329.jpg,[1]
1152,cat.4228.jpg,[1]
1153,cat.2210.jpg,[1]
1154,cat.8841.jpg,[1]
1155,cat.9387.jpg,[0]
1156,dog.7876.jpg,[0]
1157,cat.12059.jpg,[1]
1158,dog.7276.jpg,[0]
1159,cat.11587.jpg,[1]
1160,cat.1461.jpg,[1]
1161,cat.4165.jpg,[1]
1162,cat.12143.jpg,[1]
1163,cat.8959.jpg,[0]
1164,dog.403.jpg,[0]
1165,cat.11520.jpg,[0]
1166,cat.3861.jpg,[1]
1167,dog.2629.jpg,[0]
1168,cat.5492.jpg,[1]
1169,cat.2151.jpg,[1]
1170,cat.1421.jpg,[1]
1171,dog.6418.jpg,[0]
1172,dog.3192.jpg,[0]
1173,dog.4210.jpg,[0]
1174,cat.1700.jpg,[1]
1175,cat.10627.jpg,[1]
1176,cat.5034.jpg,[1]
1177,dog.11431.jpg,[1]
1178,cat.10062.jpg,[1]
1179,cat.5420.jpg,[1]
1180,dog.8451.jpg,[1]
1181,cat.11668.jpg,[1]
1182,dog.8943.jpg,[0]
1183,dog.10599.jpg,[0]
1184,dog.9419.jpg,[0]
1185,dog.3352.jpg,[0]
1186,cat.9689.jpg,[1]
1187,cat.6958.jpg,[1]
1188,dog.10713.jpg,[0]
1189,cat.3516.jpg,[1]
1190,dog.6852.jpg,[1]
1191,dog.1096.jpg,[0]
1192,dog.10500.jpg,[0]
1193,dog.10517.jpg,[0]
1194,dog.4204.jpg,[0]
1195,dog.6273.jpg,[0]
1196,cat.8970.jpg,[1]
1197,cat.9065.jpg,[1]
1198,cat.11287.jpg,[1]
1199,dog.335.jpg,[0]
1200,cat.3572.jpg,[1]
1201,dog.480.jpg,[0]
1202,dog.820.jpg,[0]
1203,dog.3032.jpg,[0]
1204,dog.9369.jpg,[0]
1205,dog.9640.jpg,[0]
1206,cat.3575.jpg,[1]
1207,dog.5456.jpg,[0]
1208,dog.9619.jpg,[0]
1209,cat.3084.jpg,[1]
1210,cat.5272.jpg,[0]
1211,cat.11519.jpg,[1]
1212,dog.3014.jpg,[0]
1213,cat.3626.jpg,[1]
1214,dog.4717.jpg,[0]
1215,cat.10404.jpg,[0]
1216,dog.8160.jpg,[0]
1217,cat.1969.jpg,[1]
1218,dog.1358.jpg,[0]
1219,cat.10269.jpg,[1]
1220,dog.2109.jpg,[0]
1221,cat.5521.jpg,[0]
1222,dog.6136.jpg,[0]
1223,dog.5725.jpg,[0]
1224,dog.334.jpg,[0]
1225,dog.8486.jpg,[0]
1226,cat.3038.jpg,[1]
1227,cat.7049.jpg,[0]
1228,cat.9852.jpg,[1]
1229,dog.1407.jpg,[0]
1230,dog.8399.jpg,[0]
1231,dog.2646.jpg,[0]
1232,cat.5695.jpg,[1]
1233,dog.125.jpg,[0]
1234,cat.1488.jpg,[1]
1235,dog.5386.jpg,[1]
1236,cat.9170.jpg,[1]
1237,dog.5233.jpg,[0]
1238,cat.9488.jpg,[1]
1239,dog.1623.jpg,[0]
1240,dog.3118.jpg,[0]
1241,dog.2311.jpg,[0]
1242,cat.10201.jpg,[1]
1243,cat.8687.jpg,[1]
1244,dog.4478.jpg,[0]
1245,cat.2887.jpg,[1]
1246,dog.6332.jpg,[0]
1247,dog.489.jpg,[0]
1248,cat.3727.jpg,[1]
1249,cat.7797.jpg,[1]
1250,cat.7631.jpg,[1]
1251,dog.4866.jpg,[1]
1252,cat.1030.jpg,[1]
1253,dog.12434.jpg,[0]
1254,cat.4142.jpg,[1]
1255,cat.1395.jpg,[1]
1256,dog.9364.jpg,[1]
1257,dog.7633.jpg,[0]
1258,cat.6369.jpg,[1]
1259,cat.9403.jpg,[1]
1260,cat.6126.jpg,[1]
1261,dog.9389.jpg,[1]
1262,cat.5990.jpg,[1]
1263,dog.378.jpg,[0]
1264,cat.4665.jpg,[1]
1265,cat.7016.jpg,[1]
1266,cat.8215.jpg,[1]
1267,cat.1474.jpg,[1]
1268,cat.7472.jpg,[1]
1269,cat.856.jpg,[1]
1270,dog.10823.jpg,[1]
1271,dog.10183.jpg,[1]
1272,dog.8319.jpg,[1]
1273,dog.7597.jpg,[0]
1274,cat.6891.jpg,[1]
1275,dog.11333.jpg,[0]
1276,dog.2225.jpg,[0]
1277,cat.10445.jpg,[1]
1278,dog.4636.jpg,[0]
1279,cat.3742.jpg,[1]
1280,cat.5830.jpg,[1]
1281,dog.9895.jpg,[0]
1282,cat.10866.jpg,[1]
1283,dog.1622.jpg,[1]
1284,cat.3949.jpg,[1]
1285,dog.12014.jpg,[0]
1286,cat.3080.jpg,[1]
1287,cat.4697.jpg,[1]
1288,dog.9667.jpg,[0]
1289,dog.11131.jpg,[0]
1290,cat.4405.jpg,[0]
1291,cat.361.jpg,[1]
1292,dog.3299.jpg,[0]
1293,dog.4693.jpg,[0]
1294,cat.3357.jpg,[1]
1295,cat.8752.jpg,[1]
1296,cat.4149.jpg,[1]
1297,dog.2209.jpg,[0]
1298,dog.1008.jpg,[0]
1299,cat.11764.jpg,[1]
1300,cat.1377.jpg,[1]
1301,dog.1260.jpg,[0]
1302,cat.1021.jpg,[1]
1303,cat.10204.jpg,[1]
1304,dog.10138.jpg,[0]
1305,dog.5575.jpg,[0]
1306,dog.8772.jpg,[0]
1307,cat.7942.jpg,[1]
1308,dog.7471.jpg,[0]
1309,dog.11662.jpg,[0]
1310,cat.2446.jpg,[1]
1311,cat.1463.jpg,[1]
1312,dog.2608.jpg,[0]
1313,dog.3945.jpg,[0]
1314,dog.2949.jpg,[0]
1315,dog.12110.jpg,[0]
1316,dog.3573.jpg,[0]
1317,cat.820.jpg,[1]
1318,cat.11676.jpg,[1]
1319,dog.1516.jpg,[0]
1320,dog.4053.jpg,[0]
1321,cat.8987.jpg,[1]
1322,cat.3180.jpg,[1]
1323,dog.11481.jpg,[0]
1324,cat.385.jpg,[1]
1325,dog.6616.jpg,[0]
1326,dog.2204.jpg,[0]
1327,cat.12316.jpg,[1]
1328,dog.4967.jpg,[0]
1329,cat.10136.jpg,[1]
1330,dog.9353.jpg,[0]
1331,dog.9490.jpg,[1]
1332,dog.8013.jpg,[0]
1333,dog.11158.jpg,[0]
1334,dog.6667.jpg,[0]
1335,dog.11068.jpg,[0]
1336,dog.4465.jpg,[0]
1337,cat.3879.jpg,[1]
1338,cat.4466.jpg,[1]
1339,dog.6725.jpg,[0]
1340,dog.1821.jpg,[0]
1341,dog.9638.jpg,[0]
1342,cat.7287.jpg,[1]
1343,cat.9851.jpg,[1]
1344,cat.7851.jpg,[1]
1345,cat.3174.jpg,[0]
1346,dog.1078.jpg,[0]
1347,dog.12430.jpg,[0]
1348,cat.2530.jpg,[1]
1349,dog.5269.jpg,[1]
1350,dog.9720.jpg,[1]
1351,cat.8460.jpg,[0]
1352,cat.186.jpg,[1]
1353,cat.4070.jpg,[1]
1354,cat.4798.jpg,[1]
1355,dog.12185.jpg,[0]
1356,dog.12202.jpg,[0]
1357,cat.3659.jpg,[1]
1358,dog.11917.jpg,[0]
1359,cat.8729.jpg,[1]
1360,dog.7806.jpg,[0]
1361,cat.11772.jpg,[1]
1362,dog.6437.jpg,[0]
1363,cat.11419.jpg,[1]
1364,dog.11386.jpg,[0]
1365,cat.11687.jpg,[1]
1366,dog.5219.jpg,[0]
1367,cat.11932.jpg,[1]
1368,cat.12126.jpg,[1]
1369,cat.11456.jpg,[1]
1370,cat.12417.jpg,[1]
1371,cat.10244.jpg,[0]
1372,dog.3711.jpg,[1]
1373,dog.3466.jpg,[0]
1374,cat.10173.jpg,[1]
1375,cat.134.jpg,[1]
1376,cat.6091.jpg,[1]
1377,cat.536.jpg,[1]
1378,cat.70.jpg,[1]
1379,dog.1919.jpg,[0]
1380,cat.1643.jpg,[0]
1381,dog.3375.jpg,[0]
1382,cat.9814.jpg,[0]
1383,dog.11850.jpg,[0]
1384,dog.8668.jpg,[0]
1385,dog.3873.jpg,[0]
1386,dog.5708.jpg,[0]
1387,cat.5920.jpg,[1]
1388,cat.4167.jpg,[1]
1389,dog.1030.jpg,[0]
1390,cat.12492.jpg,[1]
1391,cat.11071.jpg,[1]
1392,cat.7372.jpg,[1]
1393,cat.6490.jpg,[1]
1394,dog.11651.jpg,[0]
1395,cat.12021.jpg,[1]
1396,cat.3214.jpg,[1]
1397,dog.8814.jpg,[0]
1398,dog.8746.jpg,[0]
1399,cat.2545.jpg,[1]
1400,dog.960.jpg,[0]
1401,dog.3584.jpg,[0]
1402,dog.11734.jpg,[0]
1403,dog.11604.jpg,[1]
1404,cat.5291.jpg,[1]
1405,cat.1371.jpg,[1]
1406,cat.4934.jpg,[1]
1407,cat.2859.jpg,[1]
1408,cat.9523.jpg,[1]
1409,dog.3008.jpg,[0]
1410,dog.10031.jpg,[0]
1411,dog.119.jpg,[0]
1412,dog.2975.jpg,[0]
1413,cat.9889.jpg,[1]
1414,dog.3719.jpg,[0]
1415,cat.762.jpg,[1]
1416,cat.8159.jpg,[1]
1417,dog.9620.jpg,[0]
1418,cat.10162.jpg,[1]
1419,dog.1140.jpg,[1]
1420,dog.7904.jpg,[0]
1421,dog.4548.jpg,[0]
1422,cat.7511.jpg,[1]
1423,dog.10384.jpg,[0]
1424,cat.2215.jpg,[1]
1425,cat.1889.jpg,[1]
1426,dog.4052.jpg,[0]
1427,cat.995.jpg,[0]
1428,dog.718.jpg,[1]
1429,dog.449.jpg,[0]
1430,cat.9610.jpg,[1]
1431,dog.11311.jpg,[0]
1432,cat.10102.jpg,[1]
1433,cat.2663.jpg,[1]
1434,dog.7031.jpg,[0]
1435,dog.3800.jpg,[0]
1436,cat.8314.jpg,[1]
1437,dog.1349.jpg,[0]
1438,cat.12322.jpg,[1]
1439,cat.6264.jpg,[1]
1440,cat.12086.jpg,[1]
1441,dog.2799.jpg,[0]
1442,dog.9744.jpg,[0]
1443,cat.3630.jpg,[1]
1444,dog.11500.jpg,[1]
1445,dog.9213.jpg,[0]
1446,dog.10648.jpg,[0]
1447,dog.1284.jpg,[0]
1448,dog.10252.jpg,[0]
1449,cat.3178.jpg,[1]
1450,cat.185.jpg,[1]
1451,dog.739.jpg,[0]
1452,cat.12065.jpg,[1]
1453,cat.8475.jpg,[1]
1454,dog.1654.jpg,[0]
1455,cat.5253.jpg,[1]
1456,cat.3056.jpg,[1]
1457,dog.4798.jpg,[0]
1458,cat.9452.jpg,[1]
1459,dog.5355.jpg,[1]
1460,cat.10809.jpg,[1]
1461,cat.6370.jpg,[1]
1462,dog.6782.jpg,[0]
1463,cat.8211.jpg,[1]
1464,cat.10887.jpg,[1]
1465,dog.8692.jpg,[1]
1466,dog.2306.jpg,[1]
1467,cat.192.jpg,[1]
1468,cat.8596.jpg,[1]
1469,dog.6634.jpg,[0]
1470,cat.11942.jpg,[1]
1471,dog.8656.jpg,[0]
1472,cat.5805.jpg,[1]
1473,dog.8872.jpg,[0]
1474,cat.6879.jpg,[1]
1475,dog.9400.jpg,[1]
1476,dog.4175.jpg,[0]
1477,dog.8582.jpg,[0]
1478,cat.9969.jpg,[1]
1479,dog.8723.jpg,[1]
1480,cat.338.jpg,[1]
1481,dog.3173.jpg,[1]
1482,cat.8490.jpg,[1]
1483,cat.11901.jpg,[1]
1484,dog.10666.jpg,[0]
1485,cat.9305.jpg,[0]
1486,cat.566.jpg,[1]
1487,cat.6371.jpg,[1]
1488,cat.7137.jpg,[1]
1489,cat.5424.jpg,[1]
1490,dog.3519.jpg,[1]
1491,cat.9791.jpg,[1]
1492,cat.1584.jpg,[1]
1493,dog.12344.jpg,[0]
1494,dog.11257.jpg,[1]
1495,dog.5579.jpg,[1]
1496,dog.8591.jpg,[1]
1497,dog.9684.jpg,[1]
1498,cat.9009.jpg,[1]
1499,dog.3899.jpg,[1]
1500,cat.440.jpg,[1]
1501,dog.10299.jpg,[1]
1502,dog.10828.jpg,[0]
1503,dog.9518.jpg,[0]
1504,cat.8057.jpg,[1]
1505,cat.8557.jpg,[0]
1506,dog.1222.jpg,[0]
1507,dog.5388.jpg,[1]
1508,dog.6869.jpg,[0]
1509,cat.10347.jpg,[1]
1510,dog.6143.jpg,[0]
1511,dog.10323.jpg,[0]
1512,cat.11436.jpg,[1]
1513,dog.12068.jpg,[0]
1514,dog.3322.jpg,[1]
1515,cat.9962.jpg,[1]
1516,dog.1646.jpg,[0]
1517,cat.4150.jpg,[1]
1518,dog.9957.jpg,[0]
1519,cat.1911.jpg,[1]
1520,dog.6147.jpg,[0]
1521,dog.505.jpg,[1]
1522,cat.3370.jpg,[1]
1523,cat.474.jpg,[1]
1524,dog.1731.jpg,[1]
1525,cat.12145.jpg,[0]
1526,dog.5416.jpg,[0]
1527,cat.4289.jpg,[1]
1528,cat.11973.jpg,[1]
1529,cat.9923.jpg,[1]
1530,dog.10318.jpg,[0]
1531,cat.354.jpg,[1]
1532,cat.222.jpg,[1]
1533,cat.9044.jpg,[1]
1534,dog.2536.jpg,[0]
1535,cat.12115.jpg,[1]
1536,dog.8628.jpg,[0]
1537,cat.11258.jpg,[1]
1538,cat.11767.jpg,[1]
1539,dog.5.jpg,[0]
1540,cat.8255.jpg,[1]
1541,dog.7012.jpg,[0]
1542,dog.8034.jpg,[0]
1543,dog.4751.jpg,[1]
1544,dog.2804.jpg,[0]
1545,dog.10523.jpg,[1]
1546,dog.3802.jpg,[0]
1547,dog.4236.jpg,[0]
1548,dog.10304.jpg,[0]
1549,cat.12301.jpg,[1]
1550,cat.7376.jpg,[1]
1551,dog.10451.jpg,[0]
1552,cat.10594.jpg,[1]
1553,cat.12166.jpg,[0]
1554,dog.6872.jpg,[0]
1555,cat.3908.jpg,[1]
1556,cat.8080.jpg,[1]
1557,cat.2630.jpg,[1]
1558,dog.2648.jpg,[0]
1559,dog.1838.jpg,[1]
1560,dog.7124.jpg,[0]
1561,dog.8532.jpg,[0]
1562,cat.886.jpg,[1]
1563,cat.5198.jpg,[0]
1564,dog.9285.jpg,[0]
1565,cat.110.jpg,[1]
1566,cat.9581.jpg,[1]
1567,dog.12471.jpg,[0]
1568,dog.2977.jpg,[1]
1569,cat.12125.jpg,[1]
1570,dog.2764.jpg,[0]
1571,dog.1524.jpg,[0]
1572,dog.7848.jpg,[0]
1573,cat.6840.jpg,[1]
1574,cat.5512.jpg,[1]
1575,cat.10832.jpg,[1]
1576,cat.4575.jpg,[1]
1577,cat.11165.jpg,[1]
1578,dog.2905.jpg,[0]
1579,dog.4161.jpg,[0]
1580,cat.395.jpg,[1]
1581,dog.8578.jpg,[0]
1582,dog.5805.jpg,[0]
1583,dog.1037.jpg,[0]
1584,cat.2779.jpg,[1]
1585,dog.1331.jpg,[1]
1586,dog.11530.jpg,[0]
1587,cat.1160.jpg,[1]
1588,dog.8187.jpg,[1]
1589,cat.9094.jpg,[1]
1590,cat.4922.jpg,[1]
1591,cat.11171.jpg,[1]
1592,cat.4110.jpg,[1]
1593,cat.6678.jpg,[1]
1594,dog.10955.jpg,[0]
1595,cat.11620.jpg,[1]
1596,dog.6502.jpg,[0]
1597,dog.7668.jpg,[1]
1598,dog.6123.jpg,[0]
1599,cat.6716.jpg,[1]
1600,dog.76.jpg,[1]
1601,dog.1811.jpg,[1]
1602,dog.2292.jpg,[1]
1603,cat.8570.jpg,[1]
1604,dog.7874.jpg,[1]
1605,dog.10152.jpg,[1]
1606,cat.69.jpg,[1]
1607,dog.4353.jpg,[0]
1608,dog.1872.jpg,[1]
1609,dog.2675.jpg,[0]
1610,cat.1118.jpg,[1]
1611,dog.3231.jpg,[1]
1612,dog.7018.jpg,[0]
1613,cat.3898.jpg,[1]
1614,dog.209.jpg,[0]
1615,cat.11603.jpg,[1]
1616,dog.12006.jpg,[1]
1617,dog.2283.jpg,[0]
1618,cat.1615.jpg,[1]
1619,cat.9519.jpg,[1]
1620,dog.12343.jpg,[0]
1621,cat.4657.jpg,[1]
1622,cat.3601.jpg,[0]
1623,dog.2191.jpg,[0]
1624,dog.8119.jpg,[0]
1625,cat.3296.jpg,[1]
1626,cat.6187.jpg,[1]
1627,dog.7525.jpg,[0]
1628,dog.1561.jpg,[1]
1629,cat.10144.jpg,[1]
1630,cat.2061.jpg,[1]
1631,dog.5537.jpg,[0]
1632,cat.7244.jpg,[1]
1633,cat.7517.jpg,[1]
1634,cat.436.jpg,[1]
1635,dog.7019.jpg,[0]
1636,dog.2828.jpg,[0]
1637,cat.9626.jpg,[1]
1638,dog.4951.jpg,[0]
1639,dog.1530.jpg,[0]
1640,cat.5042.jpg,[1]
1641,dog.2678.jpg,[0]
1642,cat.10096.jpg,[1]
1643,dog.10948.jpg,[0]
1644,dog.4747.jpg,[0]
1645,dog.6355.jpg,[0]
1646,cat.5539.jpg,[1]
1647,dog.5450.jpg,[0]
1648,cat.7801.jpg,[1]
1649,dog.3155.jpg,[0]
1650,dog.2796.jpg,[0]
1651,cat.11530.jpg,[1]
1652,dog.9827.jpg,[0]
1653,cat.8988.jpg,[1]
1654,cat.8787.jpg,[1]
1655,cat.2582.jpg,[1]
1656,dog.5961.jpg,[0]
1657,dog.6030.jpg,[0]
1658,dog.9655.jpg,[0]
1659,dog.9630.jpg,[0]
1660,dog.9294.jpg,[1]
1661,cat.4045.jpg,[1]
1662,cat.9145.jpg,[0]
1663,dog.848.jpg,[0]
1664,dog.3103.jpg,[0]
1665,dog.11116.jpg,[1]
1666,cat.9997.jpg,[1]
1667,dog.10205.jpg,[0]
1668,dog.7461.jpg,[1]
1669,dog.7614.jpg,[0]
1670,dog.2909.jpg,[0]
1671,dog.1093.jpg,[0]
1672,dog.11167.jpg,[1]
1673,cat.246.jpg,[1]
1674,dog.11849.jpg,[0]
1675,cat.5003.jpg,[0]
1676,dog.7394.jpg,[0]
1677,dog.12278.jpg,[0]
1678,dog.5930.jpg,[0]
1679,dog.9968.jpg,[0]
1680,dog.2079.jpg,[0]
1681,dog.663.jpg,[0]
1682,cat.2087.jpg,[1]
1683,cat.6277.jpg,[1]
1684,dog.9040.jpg,[0]
1685,cat.9021.jpg,[1]
1686,dog.10652.jpg,[0]
1687,cat.3223.jpg,[1]
1688,dog.1483.jpg,[1]
1689,cat.6155.jpg,[1]
1690,cat.8403.jpg,[1]
1691,cat.7806.jpg,[1]
1692,dog.7169.jpg,[0]
1693,dog.4692.jpg,[0]
1694,dog.7168.jpg,[0]
1695,dog.6864.jpg,[0]
1696,cat.8124.jpg,[1]
1697,cat.2389.jpg,[1]
1698,cat.10143.jpg,[1]
1699,cat.7037.jpg,[1]
1700,cat.2305.jpg,[0]
1701,dog.3061.jpg,[0]
1702,dog.9540.jpg,[1]
1703,dog.301.jpg,[0]
1704,cat.6509.jpg,[1]
1705,cat.1674.jpg,[1]
1706,dog.6253.jpg,[0]
1707,dog.10121.jpg,[0]
1708,dog.11702.jpg,[1]
1709,dog.7847.jpg,[0]
1710,dog.1501.jpg,[0]
1711,cat.5295.jpg,[1]
1712,dog.3075.jpg,[1]
1713,dog.9008.jpg,[0]
1714,cat.3176.jpg,[1]
1715,cat.10674.jpg,[1]
1716,cat.3985.jpg,[1]
1717,cat.11288.jpg,[1]
1718,dog.11820.jpg,[0]
1719,dog.8629.jpg,[0]
1720,cat.9187.jpg,[1]
1721,cat.10114.jpg,[1]
1722,dog.2951.jpg,[0]
1723,cat.6573.jpg,[1]
1724,cat.3972.jpg,[1]
1725,dog.5547.jpg,[0]
1726,dog.11600.jpg,[1]
1727,dog.10094.jpg,[0]
1728,dog.5036.jpg,[1]
1729,dog.9164.jpg,[0]
1730,cat.7837.jpg,[1]
1731,dog.5967.jpg,[0]
1732,dog.6339.jpg,[0]
1733,dog.5627.jpg,[0]
1734,dog.46.jpg,[0]
1735,dog.5699.jpg,[0]
1736,cat.5289.jpg,[1]
1737,cat.5756.jpg,[1]
1738,cat.2267.jpg,[0]
1739,dog.3919.jpg,[0]
1740,dog.10351.jpg,[0]
1741,cat.4187.jpg,[1]
1742,dog.4143.jpg,[1]
1743,cat.7711.jpg,[0]
1744,dog.2664.jpg,[1]
1745,cat.7592.jpg,[1]
1746,cat.12175.jpg,[1]
1747,dog.3023.jpg,[0]
1748,cat.5468.jpg,[1]
1749,cat.6543.jpg,[1]
1750,cat.4691.jpg,[1]
1751,dog.3761.jpg,[1]
1752,cat.1734.jpg,[1]
1753,cat.7328.jpg,[1]
1754,cat.4143.jpg,[1]
1755,cat.11796.jpg,[1]
1756,cat.7029.jpg,[0]
1757,dog.751.jpg,[1]
1758,cat.1253.jpg,[1]
1759,dog.5056.jpg,[0]
1760,cat.2546.jpg,[1]
1761,cat.4771.jpg,[1]
1762,dog.598.jpg,[0]
1763,cat.11827.jpg,[1]
1764,cat.3770.jpg,[0]
1765,cat.5133.jpg,[1]
1766,dog.12296.jpg,[0]
1767,dog.8585.jpg,[0]
1768,dog.4822.jpg,[0]
1769,dog.4241.jpg,[0]
1770,dog.3902.jpg,[1]
1771,cat.5165.jpg,[1]
1772,dog.10777.jpg,[0]
1773,cat.8405.jpg,[1]
1774,dog.3805.jpg,[0]
1775,cat.3906.jpg,[1]
1776,dog.8025.jpg,[1]
1777,dog.4182.jpg,[0]
1778,dog.10098.jpg,[0]
1779,dog.1639.jpg,[0]
1780,cat.11440.jpg,[1]
1781,dog.6655.jpg,[1]
1782,dog.7797.jpg,[0]
1783,cat.838.jpg,[1]
1784,dog.780.jpg,[0]
1785,cat.4698.jpg,[1]
1786,dog.10591.jpg,[0]
1787,dog.8028.jpg,[0]
1788,cat.8962.jpg,[1]
1789,cat.6457.jpg,[1]
1790,dog.7549.jpg,[1]
1791,dog.4729.jpg,[0]
1792,dog.11181.jpg,[0]
1793,cat.5542.jpg,[0]
1794,dog.9513.jpg,[0]
1795,cat.11214.jpg,[1]
1796,cat.8761.jpg,[1]
1797,dog.4654.jpg,[0]
1798,dog.11914.jpg,[0]
1799,cat.8410.jpg,[1]
1800,dog.2792.jpg,[1]
1801,dog.2773.jpg,[0]
1802,dog.1796.jpg,[1]
1803,cat.6934.jpg,[1]
1804,cat.4901.jpg,[1]
1805,dog.8846.jpg,[1]
1806,dog.2624.jpg,[0]
1807,cat.7720.jpg,[1]
1808,dog.1051.jpg,[1]
1809,cat.10846.jpg,[1]
1810,cat.562.jpg,[0]
1811,cat.7722.jpg,[1]
1812,cat.7772.jpg,[1]
1813,cat.7435.jpg,[1]
1814,dog.41.jpg,[0]
1815,dog.4634.jpg,[0]
1816,cat.11292.jpg,[1]
1817,cat.8134.jpg,[1]
1818,cat.7920.jpg,[1]
1819,cat.153.jpg,[1]
1820,cat.1137.jpg,[1]
1821,dog.4344.jpg,[0]
1822,cat.12348.jpg,[1]
1823,dog.12271.jpg,[1]
1824,dog.11714.jpg,[0]
1825,dog.8822.jpg,[0]
1826,cat.5413.jpg,[1]
1827,cat.403.jpg,[1]
1828,cat.3319.jpg,[0]
1829,cat.6804.jpg,[1]
1830,dog.10569.jpg,[0]
1831,dog.7497.jpg,[0]
1832,cat.10760.jpg,[1]
1833,cat.11388.jpg,[1]
1834,dog.7852.jpg,[1]
1835,dog.2528.jpg,[0]
1836,cat.2737.jpg,[0]
1837,dog.9231.jpg,[0]
1838,cat.6740.jpg,[1]
1839,dog.2377.jpg,[0]
1840,dog.6875.jpg,[0]
1841,dog.6263.jpg,[1]
1842,dog.9817.jpg,[1]
1843,cat.5755.jpg,[0]
1844,cat.5474.jpg,[1]
1845,dog.4282.jpg,[0]
1846,cat.7095.jpg,[1]
1847,dog.8217.jpg,[1]
1848,cat.4469.jpg,[1]
1849,dog.11842.jpg,[0]
1850,cat.12271.jpg,[1]
1851,dog.8304.jpg,[1]
1852,cat.5223.jpg,[1]
1853,dog.7449.jpg,[0]
1854,cat.7618.jpg,[1]
1855,dog.9408.jpg,[0]
1856,cat.9884.jpg,[1]
1857,cat.8050.jpg,[1]
1858,cat.1524.jpg,[1]
1859,cat.10208.jpg,[1]
1860,dog.10969.jpg,[0]
1861,cat.6440.jpg,[1]
1862,dog.1824.jpg,[0]
1863,cat.10385.jpg,[1]
1864,cat.487.jpg,[1]
1865,cat.8797.jpg,[1]
1866,cat.4396.jpg,[0]
1867,cat.6383.jpg,[1]
1868,cat.28.jpg,[1]
1869,dog.1598.jpg,[0]
1870,dog.4898.jpg,[0]
1871,cat.11984.jpg,[1]
1872,cat.10462.jpg,[1]
1873,dog.6764.jpg,[0]
1874,cat.8444.jpg,[1]
1875,cat.4156.jpg,[0]
1876,cat.10561.jpg,[1]
1877,cat.5410.jpg,[1]
1878,dog.5603.jpg,[0]
1879,cat.10793.jpg,[1]
1880,cat.3186.jpg,[1]
1881,dog.3595.jpg,[1]
1882,dog.5574.jpg,[0]
1883,cat.10400.jpg,[1]
1884,dog.11489.jpg,[1]
1885,dog.12247.jpg,[0]
1886,dog.11339.jpg,[0]
1887,cat.11597.jpg,[1]
1888,cat.3428.jpg,[1]
1889,cat.9226.jpg,[1]
1890,cat.5548.jpg,[1]
1891,dog.7197.jpg,[1]
1892,dog.7107.jpg,[0]
1893,cat.7884.jpg,[1]
1894,cat.5406.jpg,[1]
1895,cat.10659.jpg,[1]
1896,dog.837.jpg,[1]
1897,cat.8098.jpg,[1]
1898,dog.10852.jpg,[1]
1899,dog.3179.jpg,[0]
1900,dog.10827.jpg,[0]
1901,cat.0.jpg,[1]
1902,dog.6760.jpg,[0]
1903,dog.5571.jpg,[0]
1904,cat.6414.jpg,[1]
1905,dog.12376.jpg,[1]
1906,cat.1990.jpg,[1]
1907,dog.1606.jpg,[0]
1908,cat.6011.jpg,[1]
1909,dog.8588.jpg,[0]
1910,dog.2937.jpg,[0]
1911,dog.880.jpg,[0]
1912,cat.5670.jpg,[1]
1913,cat.4175.jpg,[1]
1914,dog.5067.jpg,[1]
1915,dog.3601.jpg,[0]
1916,cat.8175.jpg,[1]
1917,dog.9099.jpg,[0]
1918,dog.3051.jpg,[0]
1919,dog.7871.jpg,[0]
1920,cat.5475.jpg,[1]
1921,cat.1993.jpg,[1]
1922,dog.10610.jpg,[1]
1923,cat.7949.jpg,[1]
1924,cat.7562.jpg,[1]
1925,cat.5984.jpg,[1]
1926,dog.7926.jpg,[1]
1927,cat.12434.jpg,[1]
1928,cat.5122.jpg,[0]
1929,dog.184.jpg,[0]
1930,cat.1980.jpg,[1]
1931,cat.2214.jpg,[1]
1932,cat.8210.jpg,[1]
1933,cat.10436.jpg,[1]
1934,cat.10806.jpg,[1]
1935,cat.5048.jpg,[1]
1936,dog.10748.jpg,[1]
1937,cat.2155.jpg,[1]
1938,dog.3596.jpg,[0]
1939,dog.9416.jpg,[1]
1940,dog.8175.jpg,[0]
1941,cat.6541.jpg,[1]
1942,dog.1439.jpg,[0]
1943,cat.4686.jpg,[1]
1944,dog.7856.jpg,[0]
1945,dog.9566.jpg,[0]
1946,cat.2231.jpg,[1]
1947,cat.5722.jpg,[1]
1948,cat.11021.jpg,[1]
1949,dog.4023.jpg,[0]
1950,dog.9585.jpg,[0]
1951,dog.4754.jpg,[0]
1952,cat.9312.jpg,[1]
1953,dog.2637.jpg,[0]
1954,dog.11166.jpg,[0]
1955,cat.6435.jpg,[1]
1956,dog.11614.jpg,[1]
1957,dog.9735.jpg,[0]
1958,dog.2102.jpg,[0]
1959,dog.4413.jpg,[0]
1960,cat.2208.jpg,[0]
1961,cat.229.jpg,[1]
1962,dog.2864.jpg,[1]
1963,dog.7542.jpg,[0]
1964,dog.7155.jpg,[0]
1965,cat.6300.jpg,[1]
1966,cat.4982.jpg,[1]
1967,dog.4527.jpg,[0]
1968,cat.2111.jpg,[1]
1969,cat.1306.jpg,[1]
1970,cat.9460.jpg,[1]
1971,cat.7777.jpg,[1]
1972,dog.12281.jpg,[0]
1973,dog.4759.jpg,[0]
1974,dog.3468.jpg,[0]
1975,cat.10424.jpg,[1]
1976,dog.5212.jpg,[0]
1977,dog.2888.jpg,[0]
1978,cat.9091.jpg,[0]
1979,cat.483.jpg,[1]
1980,cat.8569.jpg,[1]
1981,dog.3261.jpg,[0]
1982,dog.7991.jpg,[1]
1983,cat.11791.jpg,[1]
1984,dog.4520.jpg,[0]
1985,dog.3066.jpg,[0]
1986,dog.319.jpg,[0]
1987,dog.1048.jpg,[0]
1988,cat.10023.jpg,[1]
1989,dog.11429.jpg,[0]
1990,dog.1050.jpg,[0]
1991,dog.2582.jpg,[0]
1992,dog.3846.jpg,[0]
1993,cat.77.jpg,[1]
1994,dog.5240.jpg,[0]
1995,dog.3648.jpg,[0]
1996,cat.12469.jpg,[1]
1997,dog.5504.jpg,[0]
1998,dog.8672.jpg,[1]
1999,cat.4361.jpg,[1]
2000,cat.10570.jpg,[1]
2001,dog.6259.jpg,[0]
2002,cat.10813.jpg,[1]
2003,cat.2349.jpg,[1]
2004,dog.1696.jpg,[0]
2005,dog.3977.jpg,[0]
2006,dog.2372.jpg,[0]
2007,dog.187.jpg,[1]
2008,dog.9682.jpg,[0]
2009,dog.5135.jpg,[1]
2010,cat.4226.jpg,[1]
2011,dog.276.jpg,[0]
2012,dog.11998.jpg,[0]
2013,cat.10782.jpg,[1]
2014,cat.11505.jpg,[0]
2015,cat.2376.jpg,[1]
2016,dog.6633.jpg,[0]
2017,dog.29.jpg,[1]
2018,dog.2447.jpg,[0]
2019,cat.2648.jpg,[1]
2020,cat.6599.jpg,[1]
2021,cat.6133.jpg,[1]
2022,cat.5578.jpg,[1]
2023,cat.6384.jpg,[1]
2024,cat.1146.jpg,[1]
2025,cat.4345.jpg,[1]
2026,cat.2726.jpg,[1]
2027,cat.4930.jpg,[1]
2028,dog.8764.jpg,[1]
2029,dog.10846.jpg,[0]
2030,cat.12303.jpg,[1]
2031,dog.2347.jpg,[0]
2032,dog.3920.jpg,[1]
2033,dog.4001.jpg,[1]
2034,dog.8141.jpg,[0]
2035,cat.5693.jpg,[1]
2036,dog.11347.jpg,[1]
2037,dog.9741.jpg,[0]
2038,cat.10449.jpg,[1]
2039,dog.3175.jpg,[0]
2040,cat.1547.jpg,[1]
2041,cat.6544.jpg,[1]
2042,dog.2168.jpg,[0]
2043,dog.4706.jpg,[1]
2044,dog.2442.jpg,[0]
2045,cat.7704.jpg,[1]
2046,cat.8469.jpg,[1]
2047,cat.2413.jpg,[1]
2048,cat.5448.jpg,[0]
2049,cat.11020.jpg,[1]
2050,dog.11730.jpg,[0]
2051,cat.7612.jpg,[1]
2052,dog.6338.jpg,[0]
2053,cat.1586.jpg,[1]
2054,cat.10090.jpg,[1]
2055,cat.11690.jpg,[1]
2056,dog.8621.jpg,[0]
2057,cat.11423.jpg,[1]
2058,dog.428.jpg,[0]
2059,cat.7613.jpg,[1]
2060,dog.7556.jpg,[1]
2061,cat.1621.jpg,[1]
2062,cat.5220.jpg,[1]
2063,dog.1830.jpg,[0]
2064,dog.7830.jpg,[0]
2065,dog.7375.jpg,[1]
2066,dog.2898.jpg,[0]
2067,cat.6372.jpg,[1]
2068,cat.4486.jpg,[1]
2069,cat.2512.jpg,[1]
2070,dog.894.jpg,[0]
2071,dog.4535.jpg,[0]
2072,cat.548.jpg,[0]
2073,dog.11423.jpg,[0]
2074,dog.263.jpg,[0]
2075,dog.2737.jpg,[0]
2076,dog.1433.jpg,[1]
2077,dog.10032.jpg,[0]
2078,dog.783.jpg,[0]
2079,dog.6369.jpg,[0]
2080,dog.8613.jpg,[0]
2081,cat.10029.jpg,[1]
2082,dog.5271.jpg,[0]
2083,cat.3599.jpg,[0]
2084,dog.9944.jpg,[0]
2085,cat.7058.jpg,[1]
2086,dog.6778.jpg,[0]
2087,dog.7864.jpg,[0]
2088,dog.1949.jpg,[0]
2089,dog.8123.jpg,[0]
2090,cat.2903.jpg,[1]
2091,cat.11982.jpg,[1]
2092,cat.6810.jpg,[1]
2093,cat.8026.jpg,[1]
2094,cat.11501.jpg,[1]
2095,cat.12029.jpg,[1]
2096,dog.8733.jpg,[0]
2097,dog.10677.jpg,[1]
2098,dog.8902.jpg,[0]
2099,dog.7480.jpg,[0]
2100,dog.4249.jpg,[0]
2101,dog.8356.jpg,[0]
2102,dog.1871.jpg,[0]
2103,cat.5200.jpg,[0]
2104,dog.394.jpg,[0]
2105,dog.8337.jpg,[0]
2106,cat.3166.jpg,[1]
2107,cat.11255.jpg,[1]
2108,dog.761.jpg,[1]
2109,dog.2537.jpg,[0]
2110,dog.11480.jpg,[0]
2111,cat.9640.jpg,[1]
2112,cat.1315.jpg,[1]
2113,cat.1319.jpg,[1]
2114,dog.11607.jpg,[0]
2115,cat.1397.jpg,[1]
2116,cat.5415.jpg,[1]
2117,cat.1116.jpg,[1]
2118,cat.7808.jpg,[0]
2119,cat.10792.jpg,[1]
2120,cat.8863.jpg,[1]
2121,cat.9951.jpg,[1]
2122,cat.9502.jpg,[1]
2123,dog.3660.jpg,[0]
2124,dog.2665.jpg,[0]
2125,dog.6857.jpg,[1]
2126,dog.1727.jpg,[0]
2127,cat.4948.jpg,[1]
2128,cat.10684.jpg,[1]
2129,cat.10997.jpg,[1]
2130,cat.1063.jpg,[1]
2131,cat.3140.jpg,[1]
2132,dog.11818.jpg,[0]
2133,dog.7769.jpg,[0]
2134,dog.594.jpg,[0]
2135,cat.1438.jpg,[1]
2136,dog.10590.jpg,[0]
2137,dog.4038.jpg,[0]
2138,cat.10571.jpg,[1]
2139,cat.2179.jpg,[1]
2140,cat.3425.jpg,[1]
2141,cat.571.jpg,[1]
2142,cat.3022.jpg,[1]
2143,cat.2370.jpg,[1]
2144,cat.2539.jpg,[1]
2145,cat.2110.jpg,[1]
2146,cat.4374.jpg,[1]
2147,cat.2129.jpg,[1]
2148,cat.10083.jpg,[1]
2149,dog.11789.jpg,[0]
2150,dog.3807.jpg,[1]
2151,cat.9097.jpg,[1]
2152,cat.2588.jpg,[1]
2153,dog.2588.jpg,[0]
2154,cat.2618.jpg,[1]
2155,dog.6765.jpg,[1]
2156,cat.8495.jpg,[1]
2157,cat.3735.jpg,[1]
2158,cat.4670.jpg,[1]
2159,cat.4257.jpg,[1]
2160,cat.14.jpg,[1]
2161,dog.3789.jpg,[0]
2162,dog.8195.jpg,[0]
2163,dog.12310.jpg,[0]
2164,dog.6182.jpg,[0]
2165,cat.2406.jpg,[1]
2166,cat.6200.jpg,[1]
2167,dog.12087.jpg,[0]
2168,cat.10835.jpg,[1]
2169,cat.8884.jpg,[1]
2170,cat.9696.jpg,[1]
2171,cat.5851.jpg,[1]
2172,cat.4538.jpg,[1]
2173,dog.3102.jpg,[0]
2174,dog.6371.jpg,[0]
2175,cat.6076.jpg,[1]
2176,dog.3220.jpg,[0]
2177,dog.4387.jpg,[1]
2178,dog.12263.jpg,[0]
2179,dog.11230.jpg,[0]
2180,dog.3785.jpg,[0]
2181,cat.9804.jpg,[1]
2182,dog.7892.jpg,[0]
2183,dog.8827.jpg,[0]
2184,cat.6416.jpg,[1]
2185,cat.9086.jpg,[1]
2186,cat.8173.jpg,[1]
2187,dog.5083.jpg,[0]
2188,dog.1002.jpg,[0]
2189,cat.8276.jpg,[1]
2190,dog.2942.jpg,[0]
2191,dog.5619.jpg,[1]
2192,cat.7032.jpg,[1]
2193,cat.6425.jpg,[1]
2194,dog.11298.jpg,[0]
2195,cat.6712.jpg,[1]
2196,cat.1866.jpg,[1]
2197,cat.1853.jpg,[1]
2198,cat.2074.jpg,[1]
2199,cat.6975.jpg,[1]
2200,dog.5668.jpg,[1]
2201,cat.8306.jpg,[1]
2202,cat.619.jpg,[1]
2203,dog.3168.jpg,[1]
2204,cat.5066.jpg,[1]
2205,dog.7301.jpg,[0]
2206,cat.9877.jpg,[1]
2207,cat.5981.jpg,[1]
2208,dog.3263.jpg,[0]
2209,dog.12048.jpg,[0]
2210,cat.12458.jpg,[1]
2211,dog.11659.jpg,[0]
2212,dog.2531.jpg,[0]
2213,dog.10293.jpg,[0]
2214,cat.7114.jpg,[1]
2215,dog.703.jpg,[0]
2216,cat.520.jpg,[1]
2217,dog.7466.jpg,[1]
2218,dog.755.jpg,[0]
2219,cat.5256.jpg,[1]
2220,cat.10195.jpg,[1]
2221,dog.1428.jpg,[1]
2222,cat.11194.jpg,[1]
2223,cat.2684.jpg,[1]
2224,dog.825.jpg,[0]
2225,dog.9918.jpg,[0]
2226,cat.1864.jpg,[1]
2227,cat.7522.jpg,[1]
2228,dog.1218.jpg,[0]
2229,dog.11326.jpg,[1]
2230,dog.3979.jpg,[1]
2231,dog.1704.jpg,[0]
2232,dog.8439.jpg,[0]
2233,cat.7945.jpg,[1]
2234,cat.6115.jpg,[1]
2235,cat.9069.jpg,[1]
2236,dog.10560.jpg,[0]
2237,dog.10379.jpg,[0]
2238,cat.2695.jpg,[1]
2239,cat.10797.jpg,[1]
2240,dog.9751.jpg,[0]
2241,cat.3126.jpg,[1]
2242,dog.10463.jpg,[0]
2243,cat.4762.jpg,[1]
2244,dog.3878.jpg,[0]
2245,dog.8765.jpg,[0]
2246,dog.6069.jpg,[0]
2247,dog.4635.jpg,[1]
2248,dog.10215.jpg,[0]
2249,cat.9785.jpg,[0]
2250,dog.933.jpg,[0]
2251,dog.1053.jpg,[0]
2252,dog.12277.jpg,[0]
2253,dog.5965.jpg,[0]
2254,cat.7655.jpg,[1]
2255,cat.6699.jpg,[1]
2256,dog.10790.jpg,[1]
2257,cat.3475.jpg,[1]
2258,cat.3362.jpg,[1]
2259,dog.108.jpg,[0]
2260,cat.5036.jpg,[1]
2261,dog.19.jpg,[0]
2262,dog.10453.jpg,[0]
2263,cat.792.jpg,[1]
2264,cat.5980.jpg,[1]
2265,cat.11225.jpg,[1]
2266,cat.8629.jpg,[1]
2267,dog.5629.jpg,[1]
2268,cat.2216.jpg,[0]
2269,cat.7803.jpg,[1]
2270,cat.8588.jpg,[1]
2271,dog.4786.jpg,[1]
2272,cat.6747.jpg,[1]
2273,cat.9052.jpg,[1]
2274,cat.6985.jpg,[1]
2275,cat.6052.jpg,[1]
2276,dog.1627.jpg,[0]
2277,cat.471.jpg,[1]
2278,cat.8055.jpg,[1]
2279,cat.8709.jpg,[1]
2280,dog.1703.jpg,[0]
2281,dog.6784.jpg,[0]
2282,cat.6806.jpg,[1]
2283,dog.2148.jpg,[0]
2284,cat.10026.jpg,[1]
2285,cat.12193.jpg,[1]
2286,dog.9006.jpg,[0]
2287,dog.8230.jpg,[0]
2288,dog.4973.jpg,[0]
2289,cat.10709.jpg,[1]
2290,dog.6372.jpg,[0]
2291,cat.7198.jpg,[1]
2292,cat.2499.jpg,[1]
2293,dog.5943.jpg,[0]
2294,dog.10979.jpg,[0]
2295,cat.3968.jpg,[1]
2296,dog.8384.jpg,[0]
2297,dog.11846.jpg,[0]
2298,dog.11499.jpg,[0]
2299,cat.11464.jpg,[1]
2300,cat.5788.jpg,[1]
2301,cat.2811.jpg,[0]
2302,dog.4225.jpg,[0]
2303,cat.7556.jpg,[1]
2304,cat.3919.jpg,[1]
2305,dog.3608.jpg,[0]
2306,dog.8566.jpg,[0]
2307,dog.1834.jpg,[0]
2308,dog.6139.jpg,[0]
2309,cat.11213.jpg,[1]
2310,dog.2246.jpg,[0]
2311,dog.10029.jpg,[0]
2312,cat.10876.jpg,[1]
2313,cat.9193.jpg,[1]
2314,cat.2150.jpg,[1]
2315,dog.11805.jpg,[0]
2316,dog.2603.jpg,[0]
2317,dog.7062.jpg,[0]
2318,dog.2572.jpg,[0]
2319,cat.2465.jpg,[1]
2320,cat.6409.jpg,[1]
2321,cat.9336.jpg,[1]
2322,cat.2120.jpg,[1]
2323,dog.7438.jpg,[0]
2324,cat.6827.jpg,[1]
2325,cat.888.jpg,[1]
2326,dog.3801.jpg,[1]
2327,dog.8464.jpg,[0]
2328,cat.1780.jpg,[1]
2329,cat.5473.jpg,[1]
2330,dog.10450.jpg,[0]
2331,cat.8340.jpg,[1]
2332,cat.3325.jpg,[1]
2333,dog.10184.jpg,[0]
2334,dog.10057.jpg,[0]
2335,cat.9955.jpg,[1]
2336,dog.8794.jpg,[0]
2337,cat.4481.jpg,[1]
2338,cat.5498.jpg,[1]
2339,cat.7237.jpg,[1]
2340,dog.10440.jpg,[0]
2341,cat.5205.jpg,[1]
2342,cat.532.jpg,[1]
2343,dog.10681.jpg,[0]
2344,dog.10706.jpg,[0]
2345,cat.8240.jpg,[1]
2346,dog.6073.jpg,[0]
2347,cat.7277.jpg,[1]
2348,dog.1702.jpg,[0]
2349,cat.6251.jpg,[1]
2350,dog.4247.jpg,[0]
2351,cat.4975.jpg,[1]
2352,dog.1722.jpg,[0]
2353,cat.7677.jpg,[0]
2354,cat.6531.jpg,[1]
2355,dog.4885.jpg,[0]
2356,dog.3866.jpg,[0]
2357,dog.1615.jpg,[0]
2358,cat.1056.jpg,[1]
2359,dog.1976.jpg,[0]
2360,dog.9313.jpg,[1]
2361,cat.12211.jpg,[1]
2362,dog.8250.jpg,[0]
2363,cat.6558.jpg,[1]
2364,dog.4306.jpg,[1]
2365,cat.9464.jpg,[1]
2366,cat.3199.jpg,[1]
2367,cat.2626.jpg,[1]
2368,cat.7111.jpg,[1]
2369,cat.628.jpg,[1]
2370,dog.6681.jpg,[0]
2371,dog.5253.jpg,[0]
2372,cat.12209.jpg,[1]
2373,dog.647.jpg,[1]
2374,cat.3150.jpg,[1]
2375,dog.4911.jpg,[0]
2376,cat.3814.jpg,[1]
2377,dog.8223.jpg,[0]
2378,dog.5179.jpg,[0]
2379,cat.1205.jpg,[1]
2380,dog.9348.jpg,[0]
2381,cat.4031.jpg,[1]
2382,cat.3767.jpg,[1]
2383,dog.11359.jpg,[0]
2384,cat.10854.jpg,[1]
2385,cat.6838.jpg,[1]
2386,cat.661.jpg,[1]
2387,cat.6004.jpg,[1]
2388,dog.2224.jpg,[0]
2389,cat.2926.jpg,[1]
2390,cat.5863.jpg,[1]
2391,dog.8474.jpg,[0]
2392,dog.2310.jpg,[0]
2393,dog.9953.jpg,[0]
2394,dog.5867.jpg,[0]
2395,cat.6888.jpg,[1]
2396,cat.6673.jpg,[0]
2397,cat.6537.jpg,[1]
2398,cat.4529.jpg,[1]
2399,dog.8413.jpg,[0]
2400,dog.11587.jpg,[0]
2401,cat.2159.jpg,[0]
2402,cat.12200.jpg,[1]
2403,dog.8557.jpg,[0]
2404,dog.12267.jpg,[0]
2405,dog.1343.jpg,[0]
2406,dog.130.jpg,[0]
2407,dog.295.jpg,[0]
2408,cat.5592.jpg,[1]
2409,dog.5667.jpg,[0]
2410,cat.4022.jpg,[1]
2411,dog.5205.jpg,[1]
2412,cat.5684.jpg,[1]
2413,cat.9154.jpg,[1]
2414,cat.10434.jpg,[1]
2415,cat.6750.jpg,[1]
2416,cat.10995.jpg,[1]
2417,dog.930.jpg,[0]
2418,cat.9092.jpg,[1]
2419,cat.8942.jpg,[1]
2420,cat.12239.jpg,[0]
2421,cat.1757.jpg,[1]
2422,dog.3748.jpg,[0]
2423,cat.5465.jpg,[1]
2424,cat.7059.jpg,[1]
2425,cat.5978.jpg,[1]
2426,dog.7254.jpg,[1]
2427,dog.8326.jpg,[0]
2428,dog.8897.jpg,[0]
2429,cat.10458.jpg,[1]
2430,dog.4260.jpg,[0]
2431,dog.5255.jpg,[0]
2432,dog.9409.jpg,[0]
2433,cat.12386.jpg,[1]
2434,dog.3774.jpg,[1]
2435,cat.10388.jpg,[1]
2436,cat.391.jpg,[1]
2437,dog.4380.jpg,[0]
2438,cat.11680.jpg,[1]
2439,dog.2105.jpg,[1]
2440,dog.4214.jpg,[0]
2441,cat.9779.jpg,[0]
2442,cat.9756.jpg,[1]
2443,cat.4731.jpg,[1]
2444,dog.7720.jpg,[0]
2445,cat.11669.jpg,[1]
2446,dog.5077.jpg,[0]
2447,cat.9006.jpg,[1]
2448,dog.9028.jpg,[1]
2449,dog.1527.jpg,[0]
2450,cat.1346.jpg,[1]
2451,dog.888.jpg,[0]
2452,dog.9039.jpg,[0]
2453,cat.837.jpg,[1]
2454,cat.1187.jpg,[1]
2455,dog.12099.jpg,[0]
2456,cat.100.jpg,[1]
2457,dog.12371.jpg,[0]
2458,cat.11524.jpg,[1]
2459,cat.3122.jpg,[1]
2460,cat.8321.jpg,[1]
2461,dog.9077.jpg,[0]
2462,dog.1877.jpg,[0]
2463,cat.10623.jpg,[1]
2464,dog.8853.jpg,[1]
2465,cat.8364.jpg,[1]
2466,dog.8076.jpg,[0]
2467,cat.12400.jpg,[1]
2468,cat.5098.jpg,[1]
2469,cat.10222.jpg,[0]
2470,dog.451.jpg,[0]
2471,cat.4456.jpg,[1]
2472,dog.11380.jpg,[1]
2473,cat.945.jpg,[1]
2474,dog.5436.jpg,[0]
2475,cat.10383.jpg,[1]
2476,cat.6209.jpg,[1]
2477,cat.9390.jpg,[1]
2478,cat.6571.jpg,[0]
2479,dog.7054.jpg,[0]
2480,cat.7496.jpg,[0]
2481,dog.9091.jpg,[0]
2482,dog.2101.jpg,[0]
2483,cat.2993.jpg,[0]
2484,cat.6647.jpg,[1]
2485,dog.10893.jpg,[0]
2486,cat.8682.jpg,[1]
2487,cat.3870.jpg,[1]
2488,dog.1583.jpg,[0]
2489,cat.10226.jpg,[1]
2490,cat.9048.jpg,[1]
2491,cat.9163.jpg,[1]
2492,cat.4443.jpg,[1]
2493,cat.5678.jpg,[1]
2494,dog.1485.jpg,[0]
2495,dog.10783.jpg,[0]
2496,cat.7257.jpg,[1]
2497,cat.12035.jpg,[1]
2498,dog.7968.jpg,[0]
2499,cat.9562.jpg,[1]
